{
    "recall": 0.9495798319327731,
    "precision": 0.9186991869918699
}